USE spedycja;
GO 

INSERT INTO Firma (NIP, nazwa, adres, tel, email, data_zalozenia_konta) VALUES
('1234567890', 'Firma Alfa', 'ul. D³uga 1, 00-001 Warszawa', '123456789', 'kontakt@alfa.pl', '2020-01-01'),
('0987654321', 'Firma Beta', 'ul. Krótka 2, 02-002 Kraków', '987654321', 'info@beta.com', '2019-05-15'),
('1122334455', 'Firma Gamma', 'ul. Jasna 3, 03-003 Gdañsk', '123123123', 'biuro@gamma.net', '2021-03-20'),
('2233445566', 'Firma Delta', 'ul. Morska 4, 04-004 Szczecin', '321321321', 'office@delta.org', '2022-07-10'),
('3344556677', 'Firma Epsilon', 'ul. Leœna 5, 05-005 Wroc³aw', '456456456', 'support@epsilon.com', '2018-11-30'),
('4455667788', 'Firma Zeta', 'ul. S³oneczna 6, 06-006 Poznañ', '654654654', 'zeta@firma.pl', '2021-12-15'),
('5566778899', 'Firma Eta', 'ul. Zielona 7, 07-007 £ódŸ', '789789789', 'eta@biznes.eu', '2020-06-25'),
('6677889900', 'Firma Theta', 'ul. Wiosenna 8, 08-008 Katowice', '987987987', 'kontakt@theta.com', '2017-04-18'),
('7788990011', 'Firma Iota', 'ul. Jesienna 9, 09-009 Bydgoszcz', '159159159', 'info@iota.pl', '2016-09-12'),
('8899001122', 'Firma Kappa', 'ul. Zimowa 10, 10-010 Toruñ', '951951951', 'biuro@kappa.com', '2023-01-05'),
('9900112233', 'Firma Lambda', 'ul. Wodna 11, 11-011 Lublin', '753753753', 'lambda@firma.eu', '2019-02-20'),
('1011121314', 'Firma Mu', 'ul. Piaskowa 12, 12-012 Rzeszów', '357357357', 'kontakt@mu.com', '2020-08-01'),
('1213141516', 'Firma Nu', 'ul. Skalna 13, 13-013 Olsztyn', '951753852', 'info@nu.net', '2022-10-10'),
('1314151617', 'Firma Xi', 'ul. Górska 14, 14-014 Bia³ystok', '258369147', 'biuro@xi.org', '2018-03-15'),
('1415161718', 'Firma Omikron', 'ul. Kwietna 15, 15-015 Gdynia', '852741963', 'support@omikron.pl', '2021-07-20'),
('1516171819', 'Firma Pi', 'ul. Wiatrowa 16, 16-016 Radom', '123789456', 'pi@firma.com', '2023-06-10'),
('1617181920', 'Firma Rho', 'ul. Poranna 17, 17-017 Kielce', '456123789', 'rho@biznes.pl', '2017-12-25'),
('1718192021', 'Firma Sigma', 'ul. Popo³udniowa 18, 18-018 Opole', '789456123', 'sigma@support.eu', '2020-09-05'),
('1819202122', 'Firma Tau', 'ul. Nocna 19, 19-019 Zielona Góra', '321654987', 'tau@help.org', '2019-01-15'),
('1920212223', 'Firma Upsilon', 'ul. Mglista 20, 20-020 Warszawa', '654987321', 'kontakt@upsilon.com', '2021-04-30');

INSERT INTO Pracownik (id_pracownika, imie, nazwisko, tel) VALUES
(1, 'Jan', 'Kowalski', '123456789'),
(2, 'Anna', 'Nowak', '987654321'),
(3, 'Piotr', 'Wiœniewski', '456123789'),
(4, 'Katarzyna', 'Wójcik', '789456123'),
(5, 'Tomasz', 'Kamiñski', '321654987'),
(6, 'Agnieszka', 'Lewandowska', '654987321'),
(7, 'Micha³', 'Zieliñski', '159753852'),
(8, 'Magdalena', 'Szymañska', '852741963'),
(9, 'Jakub', 'WoŸniak', '753951456'),
(10, 'Paulina', 'D¹browska', '357951852'),
(11, 'Kamil', 'Koz³owski', '951357258'),
(12, 'Ewa', 'Jankowska', '258357159'),
(13, 'Adam', 'Mazur', '159258753'),
(14, 'Natalia', 'Krawczyk', '456789123'),
(15, 'Mateusz', 'Grabowski', '123789456'),
(16, 'Monika', 'Paw³owska', '789123456'),
(17, '£ukasz', 'Król', '951852753'),
(18, 'Karolina', 'Wieczorek', '258159357'),
(19, 'Bart³omiej', 'Górski', '753258159'),
(20, 'Zuzanna', 'Czarnecka', '123321123');

INSERT INTO Nadawca (id_nadawcy) VALUES
(1),
(2),
(3),
(4),
(5),
(6),
(7),
(8),
(9),
(10),
(11),
(12),
(13),
(14),
(15),
(16),
(17),
(18),
(19),
(20);

INSERT INTO Odbiorca (id_odbiorcy) VALUES
(1),
(2),
(3),
(4),
(5),
(6),
(7),
(8),
(9),
(10),
(11),
(12),
(13),
(14),
(15),
(16),
(17),
(18),
(19),
(20);

INSERT INTO Spedytor_Logistyczny (id_spedytora) VALUES
(1),
(2),
(3),
(4),
(5),
(6),
(7),
(8),
(9),
(10),
(11),
(12),
(13),
(14),
(15),
(16),
(17),
(18),
(19),
(20);

INSERT INTO Pojazd (VIN, ladownosc, typ_ladunku, pojemnosc) VALUES
('1HGBH41JXMN109186', 12000, 'Towar suchy', 15.5),
('1HGCM82633A123456', 8000, 'Towar ch³odniczy', 10.2),
('2FZHAZBD21AH12345', 15000, 'Towar sypki', 20.0),
('3FAFP31351R123456', 10000, 'Towar paletowy', 12.7),
('4T1BE32K45U123456', 7500, 'Towar delikatny', 9.3),
('5NPEU46F79H123456', 14000, 'Towar suchy', 17.1),
('1FTNW21P84E123456', 16000, 'Towar ch³odniczy', 18.9),
('2G1WF52E059123456', 12000, 'Towar sypki', 15.8),
('3GCPKTEA1BG123456', 11000, 'Towar paletowy', 13.4),
('4JGBB86E96A123456', 9500, 'Towar delikatny', 10.0),
('5UXFA13545L123456', 13000, 'Towar suchy', 16.5),
('1HGCR2F59FA123456', 14000, 'Towar ch³odniczy', 17.3),
('2FMDK3GC4ABB12345', 10000, 'Towar sypki', 12.2),
('3FA6P0HD2ER123456', 8500, 'Towar paletowy', 10.4),
('4T4BF3EK3CR123456', 12500, 'Towar delikatny', 14.7),
('5XYKUDA72DG123456', 14500, 'Towar suchy', 17.8),
('1N4AA5AP4BC123456', 15500, 'Towar ch³odniczy', 18.6),
('2C4RC1BG6FR123456', 13000, 'Towar sypki', 16.0),
('3CZRM3H51GG123456', 9000, 'Towar paletowy', 11.3),
('4F4YR12C4SM123456', 9500, 'Towar delikatny', 10.8);

INSERT INTO Ladunek (nr_ladunku, typ, ilosc, waga, objetosc, data_nadania, id_nadawcy) VALUES
(1, 'Towar sypki', 50, 1000.5, 2.5, '2023-01-01', 1),
(2, 'Towar ch³odniczy', 30, 750.0, 1.8, '2023-01-03', 2),
(3, 'Towar suchy', 100, 2000.0, 4.0, '2023-01-05', 3),
(4, 'Towar delikatny', 20, 500.5, 1.2, '2023-01-07', 4),
(5, 'Towar paletowy', 40, 1200.0, 3.0, '2023-01-09', 5),
(6, 'Towar sypki', 60, 1500.0, 2.8, '2023-01-11', 6),
(7, 'Towar ch³odniczy', 25, 800.5, 2.0, '2023-01-13', 7),
(8, 'Towar suchy', 110, 2100.0, 4.5, '2023-01-15', 8),
(9, 'Towar delikatny', 15, 450.0, 1.1, '2023-01-17', 9),
(10, 'Towar paletowy', 35, 1100.0, 2.9, '2023-01-19', 10),
(11, 'Towar sypki', 55, 1300.0, 2.7, '2023-01-21', 11),
(12, 'Towar ch³odniczy', 20, 650.0, 1.9, '2023-01-23', 12),
(13, 'Towar suchy', 95, 1800.0, 3.8, '2023-01-25', 13),
(14, 'Towar delikatny', 18, 480.5, 1.3, '2023-01-27', 14),
(15, 'Towar paletowy', 42, 1250.0, 3.2, '2023-01-29', 15),
(16, 'Towar sypki', 62, 1550.0, 2.9, '2023-02-01', 16),
(17, 'Towar ch³odniczy', 28, 720.0, 1.7, '2023-02-03', 17),
(18, 'Towar suchy', 105, 2250.0, 4.3, '2023-02-05', 18),
(19, 'Towar delikatny', 22, 520.5, 1.4, '2023-02-07', 19),
(20, 'Towar paletowy', 38, 1150.0, 3.1, '2023-02-09', 20);

INSERT INTO List_Przewozowy (nr_listu, data_zaladunku, data_rozladunku, miejsce_zaladunku, miejsce_rozladunku, nr_ladunku, id_spedytora, id_odbiorcy, VIN) VALUES
(1, '2023-01-01', '2023-01-03', 'Warszawa', 'Kraków', 1, 1, 1, '1HGBH41JXMN109186'),
(2, '2023-01-02', '2023-01-04', 'Gdañsk', 'Poznañ', 2, 2, 2, '1HGCM82633A123456'),
(3, '2023-01-03', '2023-01-06', 'Szczecin', '£ódŸ', 3, 3, 3, '2FZHAZBD21AH12345'),
(4, '2023-01-04', '2023-01-07', 'Wroc³aw', 'Katowice', 4, 4, 4, '3FAFP31351R123456'),
(5, '2023-01-05', '2023-01-08', 'Bydgoszcz', 'Toruñ', 5, 5, 5, '4T1BE32K45U123456'),
(6, '2023-01-06', '2023-01-09', 'Lublin', 'Rzeszów', 6, 6, 6, '5NPEU46F79H123456'),
(7, '2023-01-07', '2023-01-10', 'Olsztyn', 'Bia³ystok', 7, 7, 7, '1FTNW21P84E123456'),
(8, '2023-01-08', '2023-01-11', 'Gdynia', 'Radom', 8, 8, 8, '2G1WF52E059123456'),
(9, '2023-01-09', '2023-01-12', 'Zielona Góra', 'Opole', 9, 9, 9, '3GCPKTEA1BG123456'),
(10, '2023-01-10', '2023-01-13', 'Kielce', 'Warszawa', 10, 10, 10, '4JGBB86E96A123456'),
(11, '2023-01-11', '2023-01-14', 'Kraków', 'Gdañsk', 11, 11, 11, '5UXFA13545L123456'),
(12, '2023-01-12', '2023-01-15', 'Poznañ', 'Szczecin', 12, 12, 12, '1HGCR2F59FA123456'),
(13, '2023-01-13', '2023-01-16', '£ódŸ', 'Wroc³aw', 13, 13, 13, '2FMDK3GC4ABB12345'),
(14, '2023-01-14', '2023-01-17', 'Katowice', 'Bydgoszcz', 14, 14, 14, '3FA6P0HD2ER123456'),
(15, '2023-01-15', '2023-01-18', 'Toruñ', 'Lublin', 15, 15, 15, '4T4BF3EK3CR123456'),
(16, '2023-01-16', '2023-01-19', 'Rzeszów', 'Olsztyn', 16, 16, 16, '5XYKUDA72DG123456'),
(17, '2023-01-17', '2023-01-20', 'Bia³ystok', 'Gdynia', 17, 17, 17, '1N4AA5AP4BC123456'),
(18, '2023-01-18', '2023-01-21', 'Radom', 'Zielona Góra', 18, 18, 18, '2C4RC1BG6FR123456'),
(19, '2023-01-19', '2023-01-22', 'Opole', 'Kielce', 19, 19, 19, '3CZRM3H51GG123456'),
(20, '2023-01-20', '2023-01-23', 'Warszawa', 'Kraków', 20, 20, 20, '4F4YR12C4SM123456');

INSERT INTO Kierowca (id_kierowcy, nr_prawa_jazdy, uprawnienia_na_pojazd) VALUES
(1, 'PL12345678', 'C+E'),
(2, 'PL23456789', 'C+E'),
(3, 'PL34567890', 'C'),
(4, 'PL45678901', 'B'),
(5, 'PL56789012', 'C+E'),
(6, 'PL67890123', 'C'),
(7, 'PL78901234', 'B+E'),
(8, 'PL89012345', 'C+E'),
(9, 'PL90123456', 'C'),
(10, 'PL01234567', 'C+E'),
(11, 'PL12345000', 'B'),
(12, 'PL23456000', 'C+E'),
(13, 'PL34567000', 'C'),
(14, 'PL45678000', 'B+E'),
(15, 'PL56789000', 'C+E'),
(16, 'PL67890000', 'C'),
(17, 'PL78901000', 'B'),
(18, 'PL89012000', 'C+E'),
(19, 'PL90123000', 'C'),
(20, 'PL01234000', 'B+E');
